Ticker,Name
ADP,AUTOMATIC DATA PROCESSING
ACXM,ACXIOM CORP
3CRIX,COMPUTER RESEARCH INC
DST,DST SYSTEMS INC
DTAB10,DATATAB INC
NLCS,NATIONAL COMPUTER SYS INC
SAND.1,SANDATA TECHNOLOGIES INC
FISV,FISERV INC
CLGX,CORELOGIC INC
CMPD,COMPUMED INC
HTAC,HEALTHTRAC INC
HAWK,BLACKHAWK NETWORK HLDGS INC
QIWI,QIWI PLC
WWWW.1,WEB.COM INC
TLPY,TELUPAY INTERNATIONAL INC
HAXS,BPO MANAGEMENT SERVICES/PA
ATTO,ATENTO SA
TF,TRANSFIRST HLDGS INC-REDH
VGGOF,VOGOGO INC
CCRC,CHINA CUSTOMER RELATNS  CTRS
ADS.P,ALLIANCE DATA SYS -PRO FORMA
PYPL,PAYPAL HOLDINGS INC
IUSA,INFOGROUP INC
FDC,FIRST DATA CORP
MEDQ,MEDQUIST INC
DSEN,DATASCENSION INC
SQ,SQUARE INC
DS.1,DATAWEST SOLUTIONS INC
AMQ,AMERIQUEST INC -REDH
IFOX,INFOCROSSING INC
GAIMF,DEALNET CAPITAL CORP
MXW.1,MINACS WORLDWIDE INC
CCN,CARDCONNECT CORP
PILLQ,PROXYMED INC
INOD,INNODATA INC
CNDT,CONDUENT INC
CLNFF,CALIAN GROUP LTD
STCN,STEEL CONNECT INC
ACS,AFFILIATED COMPUTER SERVICES
XELA,EXELA TECHNOLOGIES INC
PAGS,PAGSEGURO DIGITAL LTD
EVOP,EVO PAYMENTS INC
IIIV,I3 VERTICALS INC
CSGS,CSG SYSTEMS INTL INC
ALJJ,ALJ REGIONAL HOLDINGS INC
SYKE,SYKES ENTERPRISES INC
MGTI,MGT CAPITAL INVESTMENTS INC
3BPOM,BPO MANAGEMENT SERVICES/DE
ANET.1,AUTHORIZE.NET HOLDINGS INC
IGTE,IGATE CORP
UEPS,NET 1 UEPS TECHNOLOGIES INC
AWWC,ACCESS WORLDWIDE CMMNCTNS
TPNL,3PEA INTERNATIONAL INC
ETSM,ELECTRONIC TRANSMISSION CORP
INOC.1,INNOTRAC CORP
TRDO,INTRADO INC
CTQN,CASH TECHNOLOGIES INC
CVNSQ,CONVERSION SERVICES INTL INC
CTEK,CYNERGISTEK INC
ORCC,ONLINE RESOURCES CORP
TNCGF,TIO NETWORKS CORP
CYBS,CYBERSOURCE CORP
ENVG,MONSTERDAATA INC
INAP,INTERNAP CORP
LTWC,LTWC CORP
NAVI.1,NAVISITE INC
PFSW,PFSWEB INC
NEOF,NEOFORMA INC
EFD.1,EFUNDS CORP
MVNT.1,METAVANTE CORP
TNET,TRINET GROUP INC
MZBY.1,MEZABAY INTERNATIONAL -OLD
GPN,GLOBAL PAYMENTS INC
ADS,ALLIANCE DATA SYSTEMS CORP
PYPL.1,PAYPAL INC
DHIFF,DH CORP
HEW,HEWITT ASSOCIATES INC
APAY,ADVANTAGE PAYROLL SVCS -REDH
OLNK,ONELINK CORP
3CLGS,COLLEGIS INC-REDH
ACIE,ACIES CORP
TNS,TNS INC
WS.4,WORLDSPAN TECHNOL INC-REDH
FIS.3,FIDELITY NATL INFO SVC-REDH
WEX,WEX INC
EXLS,EXLSERVICE HOLDINGS INC
0721B,GXS CORP
NETE,NET ELEMENT INC
TRXI,TRX INC
FIS,FIDELITY NATIONAL INFO SVCS
0117A,SPHERIS INC
WNS,WNS (HOLDINGS) LTD -ADR
EM.3,EMDEON INC
III,INFORMATION SERVICES GROUP
ETELY,ETELECARE GLOBAL SOLUTION
HIRE,HIRERIGHT INC
G,GENPACT LTD
SGS,STREAM GLOBAL SERVICES INC
PTOI,PLASTIC2OIL INC
SOH,SOI HOLDINGS INC-REDH
VRLI,VAROLII CORP-REDH
BKI,BLACK KNIGHT INC
RPMT,REGO PAYMENT ARCHITECTES INC
MOMT,MONEYONMOBILE INC
IDWAF,ID WATCHDOG INC
HPRT,HEALTHPORT INC  -REDH
VPYYF,VERSAPAY CORP
ADFT,ADFITECH INC
FLT,FLEETCOR TECHNOLOGIES INC
EVTC,EVERTEC INC
RAYS,RAYSTREAM INC
CDFT,CITADEL EFT INC
WP,WORLDPAY INC
RBO.Z,RESOLVE BUSINESS OUTSOURCING
PLPM,PLANET PAYMENT INC
MODL,MMODAL INC
NQLIQ,NQL INC
SNTO,SENTO CORP
3ATRC,AUTO-TROL TECHNOLOGY CORP
BLLI,BELL INDUSTRIES INC
UIS,UNISYS CORP
CSPI,CSP INC
6534C,TELOS CORP/MD
CACI,CACI INTL INC  -CL A
LLB,COMPUTRAC INC
APYI,ASPYRA INC
DKEY,DATAKEY INC
DRCO,DYNAMICS RESEARCH CORP
TGBRY,ORMINEX LTD
HALX,HALIFAX CORP
ISOL,1MAGE SOFTWARE INC
INTF.1,INTERFACE SYSTEMS INC
MENT,MENTOR GRAPHICS CORP
MCRS,MICROS SYSTEMS INC
NIPNY,NEC CORP
NEST,NESTOR INC
REY,REYNOLDS & REYNOLDS  -CL A
SMS.2,SHARED MEDICAL SYSTEMS CORP
FFTI.1,4FRONT TECHNOLOGIES INC
DHTI,DYNAMIC HEALTHCARE TECH INC
TTN,TITAN CORP
TYL,TYLER TECHNOLOGIES INC
IDNX,IDENTIX INC
JKHY,HENRY (JACK) & ASSOCIATES
3GEAA,GREATE BAY CASINO CORP
MAIJ,MAI SYSTEMS CORP
AZUL.1,AZUL HOLDINGS INC
OSHSF,OSHAP TECHNOLOGIES LTD
ASAL,ASA INTERNATIONAL LTD
3VXTKE,VERONEX TECHNOLOGIES INC
MANA,MANATRON INC
GIMO,GIGAMON INC
CERN,CERNER CORP
3NAVH,NAVTECH INC
EINF,ENTERPRISE INFORMATICS INC
3NTRN.,NATIONAL TRANSACTION NETWORK
FICO,FAIR ISAAC CORP
CADA.,CAM COMM SOLUTIONS INC
COPE,COPE INC
UCMP,UNICOMP INC
GEAC.,GEAC COMPUTER CORP LTD
TELTQ,TELTRONICS INC
ENGA,ENGAGE MOBILITY INC
AVMC,AVINCI MEDIA CORP
CYNI,CYAN INC
DSS,DOCUMENT SECURITY SYS INC
FJTSY,FUJITSU LTD
FEYE,FIREEYE INC
NXTD,NXT-ID INC
SAIC,SCIENCE APPLICATIONS INTL CP
MENXF,MEMEX INC
EPCDF,EPIC DATA INTERNATIONAL INC
NXGIF,NEXUS GROUP INTL INC
NXLFF,NEXIENT LEARNING INC
GIB,CGI GROUP INC  -CL A
ISYS,INTEGRAL SYSTEMS INC
NWSS,NETWORK SIX INC
SYS.5,SYS
IKOS,IKOS SYSTEMS INC
SYZLF,SYLOGIST LTD
PMTT,PAMET SYSTEMS INC
ETEC,EMTEC INC
MEDW,MEDIWARE INFORMATION SYSTEMS
SSVC,SECURED SERVICES INC
CLTY,CELERITY SOLUTIONS INC
TREV,TREEV INC
ELTE,ELITE INFORMATION GROUP INC
TAVA,TAVA TECHNOLOGIES INC
DRAI,DATA RESEARCH ASSOC INC
CPXP,COUPON EXPRESS INC
CITA,CITATION COMPUTER SYS INC
VRSOQ,VERSO TECHNOLOGIES INC
DATC,DATATEC SYSTEMS INC
DYNE,DYNTEK INC
NXIFF,ELLIPSIZ COMMUNICATIONS LTD
NYFX,NYFIX INC
NH,NANTHEALTH INC
TRCDQ,TRICORD SYSTEMS INC
WIND.1,WIND RIVER SYSTEMS INC
IDPIQ,IDENTIPHI INC
TVGT,TVG TECHNOLOGIES LTD
IMCI,INFINITE GROUP INC
AIV.,AIT ADVANCED INFO TECH CORP
ALDN,ALADDIN KNOWLEDGE SYSTEM LTD
OSYM,OSAGE SYSTEMS GROUP INC
MODM,MODERN MEDICAL MODALITIES CP
PXXI,PROPHET 21 INC
BRHI,BRAINTECH INC
MINT.1,MICRO-INTEGRATION CORP
FALC,FALCONSTOR SOFTWARE INC
LORX,LORONIX INFORMATION SYS INC
3DSYS,DATA SYSTEMS NETWORK CORP
BTGI.,BTG INC
EMED,MEDCOM USA INC
MSH.Z,MEDISOLUTION LTD
BRQS,BORQS TECHNOLOGIES INC
DAVA,ENDAVA PLC -ADR
DSLGF,DISCREET LOGIC INC
IMNT,IMNET SYSTEMS INC
ADSV,ALLIED SECURITY INNOVATIONS
3SOCT,SOCRATES TECHNOLOGIES CORP
ROB.2,CRS ROBOTICS CORP
MMWW,METAMOR WORLDWIDE INC
IDXC,IDX SYSTEMS CORP
TFRC,TECHFORCE CORP
AZCT,AZCAR TECHNOLOGIES INC
3FIVE,5B TECHNOLOGIES CORP
TPPPF,TRIPLE P NV
VCOM,VITALCOM INC
KMGP,KNOWLEDGE MECHANICS GROUP
CW.1,CANADA WEST CAPITAL INC
LU,LUCENT TECHNOLOGIES INC
SAPE,SAPIENT CORP
ARLCF,AREL COMMUNICATIONS & SFTWR
STRM,STREAMLINE HEALTH SOLUTIONS
ELOG,ELITE LOGISTICS INC
OCIS,OACIS HEALTHCARE HLDGS CORP
SUNQ,SUNQUEST INFORMATION SYS INC
DPS.,DIGITAL PROCESSING SYS INC
APVS,APPLIED VISUAL SCIENCES INC
ECDI,EC DEVELOPMENT INC
AFIS,PRINTRAK INTERNATIONAL INC
EVSNF,ELBIT VISION SYSTEMS LTD
3ACEC,ACE COMM CORP
NTST,NETSMART TECHNOLOGIES INC
3ITIG,INTELLIGROUP INC
TSG.2,SABRE HOLDINGS CORP  -CL A
SEQL,SEQUEL TECHNOLOGY CORP
ALLN,ALLIN CORP
ID,L-1 IDENTITY SOLUTIONS INC
3BRTL.,BRISTOL RETAIL SOLUTIONS INC
3PPID,PRESCIENT APPLIED INTELLIGEN
NEOM,NEOMEDIA TECHNOLOGIES INC
KCA.,KASTEN CHASE APPLIED RSH LTD
TTIL,TTI TEAM TELECOM INTL LTD
ECSGY,ECSOFT GROUP PLC
CMSS.1,CREDIT MGMT SOLUTIONS INC
3MCIFE,MC INFORMATICS INC
MMGR.,MEDICAL MANAGER CORP-OLD
APPS.1,APPIANT TECHNOLOGIES INC
3DAOU,DAOU SYSTEMS INC
RADS,RADIANT SYSTEMS INC
ENSR,ENSTAR INC
XGNT,EXIGENT INTL INC
ESHR,ESHARE COMMUNICATIONS INC/GA
HTEI,H T E INC
3EFAX,EFAX.COM INC
ISYRF,INTRINSYC TECHNOLOGIES CORP
RWDT,RWD TECHNOLOGIES INC
TLSI,TELESCIENCES INC
ESP.B,SLMSOFT INC
FTRLQ,FUTURELINK CORP
CAIR,CORSAIR COMMUNICATIONS INC
GARS.1,PATHWAYS GROUP INC
ESLT,ELBIT SYSTEMS LTD
RDCM,RADCOM
FPLYQ,FULLPLAY MEDIA SYSTEMS INC
ACSEF,ACS MOTION CONTROL LTD
BSMZF,BSM TECHNOLOGIES INC
HYBR,HYBRID NETWORKS INC
IMAG,IMAGEMAX INC
USWB,USWEB CORP
SNZH,SAN HOLDINGS INC
RMLXD.1,ROOMLINX INC -OLD
CTSI,CONDOR TECH SOLUTIONS INC
FCGI,FIRST CONSULTING GROUP INC
INKS.1,INKSURE TECHNOLOGIES INC-OLD
IBIN,IBSG INTERNATIONAL INC
3GDXX,GLOBALDIGITALCOMMERCE.COM
MRGE.1,MERGE HEALTHCARE INC
ZVLO,ESOFT INC
CMND.1,COMMAND SYSTEMS INC
3SYSZ,CPS SYSTEMS INC
FNDT,FUNDTECH LTD
SEMA10,SEMA PLC
CCZFF,CRITICAL CONTROL ENRGY SRVCS
AXANF,AXIA NETMEDIA CORP
YOHOF,YOHO RESOURCES INC
JPOTF,JACKPOT DIGITAL INC
CERT,CERTICOM CORP
VNDKF,VENDTEK SYSTEMS INC
SCTC,SECURE TECHNOLOGIES GROUP
EKGGF,CARDIOCOMM SOLUTIONS INC
IPZ.,IMAGE POWER INC
AILQF,AIRIQ INC
IRDYF,INTL ROAD DYNAMICS INC
VVVFF,VERSATILE SYSTEMS INC
WSMXF,WIRELESS MATRIX CORP
KHI.,KNOWLEDGE HOUSE INC
LGI.Z,LOGIBEC GPE INFORMATIQUE LTE
3FOURQ,FOURTHSTAGE TECHNOLOGIES INC
CYN.,CYGNAL TECHNOLOGIES CORP
TNTSF,TRIANT HOLDINGS INC
OVTZ,OCULUS VISIONTECH INC
SSG.1,SIERRA SYSTEMS GROUP INC
MANH,MANHATTAN ASSOCIATES INC
VNTK,VIANET TECHNOLOGIES INC
UMLS,AZTEC TECHNOLOGY PRTNRS INC
TWNE.,TOWNE SERVICES INC
DTLK,DATALINK CORP
ECLP,ECLIPSYS CORP
9676B,ENTEX INFORMATION SVCS INC
PER.1,PEROT SYSTEMS CORP
9714B,FEDERAL DATA CORP
LATD,LATITUDE COMMUNICATIONS INC
RBAK,REDBACK NETWORKS INC
SONE,S1 CORP
FFIV,F5 NETWORKS INC
SSPX,SSP SOLUTIONS INC
RAMP,RAMP NETWORKS INC
CLRN,CLARENT CORP
ITAH,ITA HOLDINGS INC
3CONV,CONVERGENT COMMUNICATIONS
TROZ,TROY GROUP INC
TANN.1,TANNING TECHNOLOGY CORP
PKTR,PACKETEER INC
IPIXQ,IPIX CORP
NTCT,NETSCOUT SYSTEMS INC
BWAY,BREAKAWAY SOLUTIONS INC
CYSV,CYSIVE INC
DRTN,DATA RETURN CORP
RSTR,RSTAR CORP
CVTE,CAVION TECHNOLOGIES INC
BFRE.,BE FREE INC
3NETZ,NETZEE INC
COBT,COBALT NETWORKS INC
PXPT,PRACTICEXPERT INC
EMRG,EMERGE INTERACTIVE INC
IISX,INTEGRATED INFORMATION SYS
VHGI,VHGI HOLDINGS INC
DGLHQ,DIGITAL LIGHTHOUSE CORP
IWSY,IMAGEWARE SYSTEMS INC
EMBT.,EMBARCADERO TECHNOLOGIES INC
9931B,ENVIRONMAX.COM INC
ITGL.1,INFINITE TECHNOLOGY GRP LTD
ISEDF,ISEE3D INC
3OTWO,O2WIRELESS SOLUTIONS INC
RBBN,RIBBON COMMUNICATIONS INC
NEI,NETWORK ENGINES INC
CVGP,CONVERGENT GROUP CORP
TSYS,TELECOMMUNICATION SYS INC
ZNGN,ZENGINE INC
ARDI,AT ROAD INC
MKN.2,MOBILE KNOWLEDGE INC
CTFO,CHINA TRANSINFO TECHNOLOGY
IMTV.,IMAGICTV INC
SITA,SITARA NETWORKS INC
OMCL,OMNICELL INC
HTHO,HALO TECHNOLOGY HLDGS INC
DLAD,DEALERADVANCE INC
MANT,MANTECH INTL CORP
ADYE,ARADYME CORP
ANT.2,ANTEON INTERNATIONAL CORP
DECN,DECISION DIAGNOSTICS CORP
VRNT,VERINT SYSTEMS INC
FLYLF,FLYHT AEROSPACE SOLUTIONS
VNX.1,VERIDIAN CORP
CPSI,COMPUTER PROGRAMS & SYSTEMS
SINT,SI INTERNATIONAL INC
DNET,DIGITALNET HOLDINGS INC
TDCP.1,3DICON CORP -OLD
SVR.1,SYNIVERSE HOLDINGS INC-OLD
NSTC,NESS TECHNOLOGIES INC
COGT.1,COGENT INC
ARCT.1,ARCSOFT INC-REDH
TLVTF,TELVENT GIT SA
SNTR,STENTOR INC-REDH
YTEC,YUCHENG TECHNOLOGIES LTD
MNTWF,MARCH NETWORKS CORP
CLRI,CLEARTRONIC INC
NCIT,NCI INC
GSEC,GLOBAL SECURE CORP -REDH
LDOS,LEIDOS HOLDINGS INC
BERL.1,BERLINER COMMUNICATIONS-OLD
3APNO,ALPHA INNOTECH CORP
ATSC,ATS CORP
SNVNF,SANDVINE CORP
DIVX.1,DIVX INC
SXE.1,STANLEY INC
TAOP,TAOPING INC
RNIN.1,WIRELESS RONIN TECHNLGS -OLD
MEDE,MEDECISION INC
STCA,STATMON TECHNOLOGIES CORP
PICS,PICIS INC -REDH
PDGM,PARADIGM LTD -REDH
FIRE,SOURCEFIRE INC
BBND,BIGBAND NETWORKS INC
BR,BROADRIDGE FINANCIAL SOLUTNS
GUESF,GUESTLOGIX INC
SPCB,SUPERCOM LTD
ESPAF,ESPIAL GROUP INC
VMW,VMWARE INC -CL A
CROS,CROSS MATCH TECH INC-REDH
ILA.,ILOOKABOUT CORP
STVVY,CHINA DIGITALTV HLDG CO -ADS
CML,COMPELLENT TECHNOLOGIES INC
N,NETSUITE INC
IPCA,IPC SYSTEMS HOLDINGS-REDH
RCON,RECON TECHNOLOGY LTD
MDSO,MEDIDATA SOLUTIONS INC
OPEN,OPENTABLE INC
TRITF,TRI-TECH HOLDING INC
GTEC,GLOBAL DEFNSE TCH & SYS INC
DVOXQ,DYNAVOX INC
ANOS,ANOTEROS INC
GWAY,GREENWAY MEDICAL TECH INC
WIT,WIPRO LTD
FORTY,FORMULA SYSTEMS (1985) LTD
BALTY,BALTIMORE TECHNOLOGIES PLC
CCEQQ,CEYONIQ AG
KBAY,KANBAY INTERNATIONAL INC
ESY.Z,ESI ENTERTAINMENT SYS INC
ANLY,ANALYSTS INTERNATIONAL CORP
CTK.3,COMPTEK RESEARCH INC
3INAIQ,INTELLICORP INC
KEA,KEANE INC
TSRI,TSR INC
FORS.,FORSOFT LTD
TEKCQ,TEKNOWLEDGE CORP
CSKKY,CSK CORP
BDTE,BRENDAN TECHNOLOGIES INC
IAIC,INFORMATION ANALYSIS INC
FSCT,FORESCOUT TECH INC
CICN,CICERO INC
SAVLY,SAVILLE SYSTEMS PLC  -ADR
WMDA,WATCHIT MEDIA INC
3WIZTF,WIZTEC SOLUTIONS LTD
CVNS.1,COVANSYS CORP
DSFT,DELSOFT CONSULTING INC
SYS.4,SYSTECH RETAIL SYSTEMS INC
EVOL,EVOLVING SYSTEMS INC
APNT.1,APPNET INC
ECLG,ECOLLEGE.COM
CRIO,CORIO INC
VLCT,VALICERT INC
SPWX,SPEECHWORKS INTL INC
LNWX.1,LYNUXWORKS INC
CTTY,CATUITY INC
SPLX.1,SIMPLEX SOLUTIONS INC
DVE.H,DEVSTUDIOS INTL INC
0138B,ANTEON CORP
HIPPQ,HIPCRICKET INC
JMDT,JAMDAT MOBILE INC
LGFTY,LONGTOP FINANCIAL TECH -ADR
UPIN,UNIVERSAL POWER INDUSTRY CP
BOSS.2,LINKAGE TECH INTL  -ADR-REDH
INFY,INFOSYS LTD
SVRTY,SILVERLINE TECHNOLOGIES LTD
ANCPA,ANACOMP INC
CPLXQ,CERPLEX GROUP INC
CTG,COMPUTER TASK GROUP INC
3INFD,INFODATA SYSTEMS INC
EPEDQ,EPICEDGE INC
RATL,RATIONAL SOFTWARE CORP
NOVL,NOVELL INC
SGICQ,SILICON GRAPHICS INC
DDIM,DATA DIMENSIONS INC
3SAZZ,SAZTEC INTERNATIONAL INC
TEAM.1,TECHTEAM GLOBAL INC
LXFT,LUXOFT HOLDING INC
RMNI,RIMINI STREET INC
LGSA,LGS GROUP INC
3667B,SOFTNET TECHNOLOGY CORP
BBOX,BLACK BOX CORP
CATP,CAMBRIDGE TECHNOLOGY PARTNER
3ZMBA,ZAMBA CORP
SVTV,SVT INC
CBRI,CMTSU LIQUIDATION INC
CMSX,COMPUTER MGMT SCIENCES INC
ZANE,ZANETT INC
WYY,WIDEPOINT CORP
NTPL,NETPLEX GROUP INC
INSS,INTERNATIONAL NETWORK SVCS
ONDI,ONTRACK DATA INTL INC
IMRS.1,IMRGLOBAL CORP
THNK.1,THINK NEW IDEAS INC
MISI,METRO INFORMATION SVCS INC
CERO,CONCERO INC
ARSC.1,ARIS CORP/WA
SYNT,SYNTEL INC
SPRI.,SPR INC
NTI.1,NEXXLINK TECHNOLOGIES INC
MTK.Z,MATRIKON INC
SGTB,KUBOO INC
TSRC,TECHNISOURCE INC
DLGI,DATALOGIC INTERNATIONAL INC
VISRF,VISIPHOR CORP
RAZF,RAZORFISH INC
VIAN,VIANT CORP
PRFT,PERFICIENT INC
USITQ,U S INTERACTIVE INC
LUMTQ,LUMINANT WORLDWIDE CORP
PRDS,PREDICTIVE SYSTEMS INC
ACOM.2,AGENCY.COM LTD
CIRC.1,CIRCLE.COM
CBIS.,C-BRIDGE INTERNET SOLTNS INC
INFT.1,INFORTE CORP
LOUD,LOUDEYE CORP
BRT.Z,BURNTSAND INC
DLEXY,DATALEX PLC
CQTL,C-QUENTIAL INC
INVA.1,INOVA TECHNOLOGY INC
ICGM,INTERCHANGE MEDICAL INC
CFSG,CHINA FIRE & SECURTY GRP INC
PPPS,ISOCIALY INC
VIT,VANCEINFO TECHNOLOGIES -ADR
DCTI,CONSONUS TECHNOLOGIES -REDH
GOMZ,GOMEZ INC-REDH
KEYW,KEYW HOLDING CORP
PACT,PACTERA TECHNOLOGY INTL
BAH,BOOZ ALLEN HAMILTON HLDG CP
ISS,ISOFTSTONE HOLDINGS LTD -ADR
GAHC,GLOBAL ARENA HOLDINGS INC
BROAQ,BROKAT TECHNOLOGIES AG
ACTI,ACTIVIDENTITY CORP
LOCK,LIFELOCK INC
VSTH.,VITALSTREAM HOLDINGS INC
ZIXI,ZIX CORP
PBOX,PAYBOX CORP
CLPS,CLPS INC
LSSN,LASON INC
CSVI,COMPUTER SERVICES INC
AIMT.1,AIMSI TECHNOLOGIES INC
TAIS,TAI SHAN COMMUNICATIONS-REDH
DPHS.1,DEPHASIUM CORP -OLD
ATVI.1,ACTIVISION INC
AMSWA,AMERICAN SOFTWARE  -CL A
AUGR.1,AUTO GRAPHICS INC
BTEC.1,BANCTEC INC-REDH
BOOL,BOOLE & BABBAGE INC
CTIG,CTI GROUP HOLDINGS INC
GSOF,GROUP 1 SOFTWARE INC
CA,CA INC
CSRE.,COMSHARE INC
ICMC.1,INTELLIGENT COMM ENTR -OLD
USTG,UNITED SYSTEMS TECHNOLOGY
AMCI,AMERICAN MILLENIUM CORP
CNVR.,CONVERA CORP
3EXTL,EXPERTELLIGENCE INC
FDPC,FDP CORP
GAEX,GA EXPRESS INC
INS,INTELLIGENT SYSTEM CORP
INGR.,INTERGRAPH CORP
CARL.1,CARLETON CORP
MSCS,MSC SOFTWARE CORP
3MEDY,MEDICAL DYNAMICS INC
PSSR,PASSUR AEROSPACE INC
MGEN.1,MICRO GENERAL CORP
TLC.1,LEARNING CO INC
VERA,VERAMARK TECHNOLOGIES INC
MULT.1,MULTI SOLUTIONS INC
OSI.3,ON-LINE SOFTWARE INTL
VRDI,VERIDICOM INTERNATIONAL INC
AGYS,AGILYSYS INC
YND,MYND CORP
QSII,QUALITY SYSTEMS INC
DSVTF,DIVESTCO INC
PSFX,PURCHASESOFT INC
APPS,DIGITAL TURBINE INC
SBON,SIBONEY CORP
SOFT,SOFTECH INC
STRR.,STAR TECHNOLOGIES INC
SSW.1,STERLING SOFTWARE INC
GROV,GROVEWARE TECHNOLOGIES LTD
SCTC.,SYSTEMS & COMPUTER TECH CORP
TMBS,TIMBERLINE SOFTWARE CORP
3TRDXQ,TRIDEX CORP
AVST,AVAST SOFTWARE NV  -REDH
WANG,WANG LABS INC
COVR,COVER-ALL TECHNOLOGIES INC
QLYS,QUALYS INC
SNDTF,SAND TECHNOLOGY INC  -CL A
MSFT,MICROSOFT CORP
ORCL,ORACLE CORP
0139A,SUNGARD DATA SYSTEMS INC
MLOG.1,MICROLOG CORP-OLD
CYSG,CAPE SYSTEMS GROUP INC
ADBE,ADOBE SYSTEMS INC
DJCO,DAILY JOURNAL CORP
ASCL,ASCENTIAL SOFTWARE CORP
VRTC,VERITEC INC
CMVT,COMVERSE TECHNOLOGY INC
3TESI,TANGRAM ENTP SOLUTIONS
DNAD,DNA DYNAMICS INC
SSAXQ,SYSTEM SOFTWARE ASSOC INC
CRTO.1,CONCERTO SOFTWARE INC
MSOF,MULTI SOFT INC
CDNS,CADENCE DESIGN SYSTEMS INC
EBIX,EBIX INC
FILE,FILENET CORP
SATI,SISCOM INC
CMGE,CHINA MOBILE GAMES  -ADR
FLTX,FLEETMATICS GROUP PLC
SDRC.1,STRUCTURAL DYNAMICS RESEARCH
ADII,ADVA INTERNATIONAL INC
ANTS,ANTS SOFTWARE INC
TIGR,TIGERLOGIC CORP
MSHFQ,MEDIASHIFT INC
BORL,BORLAND SOFTWARE CORP
COGN,COGNOS INC
AKLM,ACCLAIM ENTERTAINMENT INC
PTEC,PHOENIX TECHNOLOGIES LTD
BMC,BMC SOFTWARE INC
UTRX,UNITRONIX CORP
WDAY,WORKDAY INC
COMT.1,COMAMTECH INC -OLD
NETE.,NETEGRITY INC
XMSC,XSTREAM MOBILE SOLUTIONS CP
EVIS,EVISION INTERNATIONAL INC
SYMC,SYMANTEC CORP
CSLR,CONSULIER ENGINEERING INC
TSCRF,THESCORE INC
GFIS,GFI SOFTWARE SA  -REDH
MPAY,MOBETIZE CORP
APPZ,MONSTER ARTS
EA,ELECTRONIC ARTS INC
ANY,SPHERE 3D CORP
CREL,COREL CORP
SPWZ.1,STEAMPUNK WIZARDS INC -OLD
RALY,RALLY SOFTWARE DEV CORP
MGORF,MAGOR CORP
MODN,MODEL N INC
CAER,CAERE CORP
PGFY,PINGIFY INTERNATIONAL INC
TXTR,TEXTURA CORP
DATA,TABLEAU SOFTWARE INC
DPSM,3D PIONEER SYSTEMS INC
LIQDQ,LIQUID HOLDINGS GROUP INC
HGENF,HALOGEN SOFTWARE INC
FNJN,FINJAN HOLDINGS INC
EXOXF,EXO U INC
KITM.1,KITARA MEDIA CORP -OLD
INVS,INNOVISION LABS INC
RNG,RINGCENTRAL INC
PTC,PTC INC
3LSGT,LASERGATE SYSTEM INC
GOMO,SUNGY MOBILE LTD  -ADR
VRNS,VARONIS SYSTEMS INC
APTY,APT SYSTEMS INC
CHGT,CHANGING TECHNOLOGIES INC
KING,KING DIGITAL ENTERTAINMENT
TUBE,TUBEMOGUL INC
CMCM,CHEETAH MOBILE INC  -ADR
MTLS,MATERIALISE NV  -ADR
ENSW,ENTERPRISE SOFTWARE INC
PLFX,PULSE EVOLUTION CORP
NEXT.4,CHUKONG HOLDINGS -ADR -REDH
APPG,APPTIGO INTERNATIONAL INC
PRES,PREO SOFTWARE INC
CDSW,CEDARA SOFTWARE CORP
3BKBO,BAKBONE SOFTWARE INC
DOCS,PC DOCS GROUP INTL INC
GDTC,GOOD TECHNOLOGY CORP  -REDH
IMPR,IMPRIVATA INC
MBBYF,MOBILEYE NV
INTS,INTEGRATED SYSTEMS INC
CYBR,CYBERARK SOFTWARE LTD
DSKY,IDREAMSKY TECHNOLOGY  -ADR
LBRDK,LIBERTY BROADBAND CORP
PSWR,PRISM SOFTWARE CORP
IATV,ACTV INC
ASPT.,ASPECT COMMUNICATIONS CORP
DIEG,DIEHL GRAPHSOFT INC
CREX,CREATIVE REALITIES INC
KSMRF,CONTAGIOUS GAMING INC
SDQ.,SATURN SOLUTIONS INC
MDSI.,MDSI MOBILE DATA SOLUTIONS
HDP,HORTONWORKS INC
LROD,LIGHTNING ROD SOFTWARE INC
3MGXI,MICROGRAFX INC
FLKKF,FRANKLY INC
TSSW,TOUCHSTONE SOFTWARE CORP
SECU,SECURAC CORP
MAPX.1,MAPICS INC
DODV,DIGITAL ORIGIN INC
RDFY,REDIFY GROUP INC
CDRBQ,CODE REBEL CORP
SMRL,SIMTROL INC
FSTP,FRONTSTEP INC
EVH,EVOLENT HEALTH INC
PLAT,PLATINUM TECHNOLOGY INTL INC
ROSS,ROSS SYSTEMS INC
TTCM,TAUTACHROME INC
3QDEK,QUARTERDECK CORP
3TCSI,TCSI CORP
PRGS,PROGRESS SOFTWARE CORP
SY.3,SYBASE INC
THQIQ,THQ INC
ISGN,ISIGN SOLUTIONS INC
AECC,AMERICAN EDUCATION CORP
VRCC,VERTICAL COMMUNICATIONS INC
RPD,RAPID7 INC
HYSW,HYPERION SOFTWARE CORP
ABQQ,AB INTERNATIONAL GROUP CP
RDAG,RED ALERT GROUP INC
HYDN,VERTEL CORP
INOW,INFONOW CORP
TLYN,TELYNX INC
MJCO,MAJESCO
SNPS,SYNOPSYS INC
3ELVN.,ELEVON INC
STEL.,STELLENT INC
TMMI,TMM INC
GMEI.,GAMING & ENTERTNMNT GRP INC
FILM.,INTELEFILM CORP
PRVOZ,PREVIO INC
ADAT.1,AUTHENTIDATE HOLDING -OLD
ARDT,ARDENT SOFTWARE INC
INTZ,INTRUSION INC
DWCH,DATAWATCH CORP
KRON,KRONOS INC
MGIC,MAGIC SOFTWARE ENTERPRISES
VLDI,VALIDIAN CORP
IFSH,IFS INTL HOLDINGS INC
EVEIQ,EVERGREEN ENERGY INC
MFE,MCAFEE INC
IACH,INFORMATION ARCHITECTS CORP
DEMO,BURST.COM INC
EPIC,EPICOR SOFTWARE CORP -OLD
PSFT.,PEOPLESOFT INC
CPWR.1,COMPUWARE CORP
CIIT,TIANCI INTERNATIONAL INC
OCTI,OCTUS INC
ZICA,ZI CORP
NVDM,NOVADIGM INC
BTLLF,BTL GROUP LTD
STGGQ,STG GROUP INC
SCWX,SECUREWORKS CORP
NKCI,NEWKIDCO INTL INC
SBAS,STARBASE CORP
ACCT,ARGENT CAPITAL CORP
ZDGE,ZEDGE INC
IFCSF,INFOCORP COMPUTER SOLUTIONS
RWWDF,REWARDSTREAM SOLUTIONS INC
IFUL,INSIGHTFUL CORP
MBNEQ,CENTURA SOFTWARE CORP
INTU,INTUIT INC
WALL,WALL DATA INC
MDCD,MERIDIAN DATA INC
FSTWD.1,TEXTMUNICATION HOLDINGS -OLD
ACLO.,ACCELIO CORP
VCSY,VERTICAL COMPUTER SYS INC
INLQ,INTERLINQ SOFTWARE CORP
THDOQ,3DO CO
TCNO,TECNOMATIX TECHNOLOGIES LTD
3TTLA,TARANTELLA INC
DDDDF,NEW DIMENSION SOFTWARE LTD
ATTU,ATTUNITY LTD
SPNS,SAPIENS INTERNATIONAL CORP
FSFT,FOURTH SHIFT CORP
3MIDI,MIDISOFT CORP
LDSD,LEADINGSIDE INC
QRSI,QRS CORP
HUMC,HUMMINGBIRD LTD
MANU.1,MANUGISTICS GROUP INC
CCTX,CONCENTREX INC
SPSS,SPSS INC
XRSC,XRS CORP
CREC,CARECENTRIC INC
CPTV,CAPTIVA SOFTWARE CORP
NETM,NETMANAGE INC
ADGO,ADVANTEGO CORP
MERQ,MERCURY INTERACTIVE CORP
VRTS.1,VERITAS SOFTWARE CORP
MACR.,MACROMEDIA INC
3CMGFF,CINTECH SOLUTIONS INC
MAPS,MAPINFO CORP
3OBJS,OBJECTSHARE INC
SNIC,SONIC SOLUTIONS
TRWRF,TORINO PWR SOLUTIONS INC
EMSI,EFFECTIVE MGMT SYSTEMS INC
3EBTI,EBT INTERNATIONAL INC
3MTWK,METROWERKS INC
RTPRQ,RETAIL PRO INC
MROI,MRO SOFTWARE INC
3TRPS,TRIPOS INC
WAVXQ,WAVE SYSTEMS CORP  -CL A
BOBJY,BUSINESS OBJECTS SA
CGFW,CYBERGUARD CORP
3LTWO,LEARN2.COM INC
AZPN,ASPEN TECHNOLOGY INC
ESHG,EMERGISOFT HOLDING INC
CMXX,CIMETRIX INC
MRGN,MERGENCE CORP
CAPA.,CAPTARIS INC
APLX,APPLIX INC
RSAS,RSA SECURITY INC
DIGA.1,DIGITAL ANGEL CORP-OLD2
FIND.1,FINDEX.COM INC -OLD
CRVU,CORVU CORP
TMLN,TIMELINE INC
GMGCQ,GENERAL MAGIC INC
CSCC,CENTERSPAN COMMUN CORP
VIAS.1,VIASOFT INC
NATI,NATIONAL INSTRUMENTS CORP
CTRX,CATAMARAN CORP
3LRSIE,LIFERATE SYSTEMS INC
RMDY,REMEDY CORP
DSTM,DATASTREAM SYSTEMS INC
MSTG.,MUSTANG.COM INC
XPRT.1,EXPERT SOFTWARE INC
6027B,SSI INVESTMENTS II LTD
EZEN,EZENIA INC
INTD,INTELIDATA TECHNOLOGIES CORP
EMRN,EMARINE GLOBAL INC
ALTR,ALTAIR ENGINEERING INC
SAIL,SAILPOINT TECHNO HLDG
AVYA,AVAYA HLDGS CORP
BILI,BILIBILI INC -ADS
AVNT,AVANT CORP
3CLAC,CLICKACTION INC
EGPT.1,EAGLE POINT SOFTWARE CORP
DVNTF,DIVERSINET CORP
HNCS,HNC SOFTWARE INC
USDC,USDATA CORP
SPYG.,SPYGLASS INC
MMUS,MAKEMUSIC INC
DRTE,DENDRITE INTERNATIONAL INC
INFR.1,INFERENCE CORP  -CL A
3SEER,SEER TECHNOLOGIES INC
LGTO,LEGATO SYSTEMS INC
CSYS,CLEARSTORY SYSTEMS INC
ATEA,ASTEA INTERNATIONAL INC
GVP,GSE SYSTEMS INC
ONTC.,ON TECHNOLOGY CORP
NSCP,NETSCAPE COMMUNICATIONS CORP
VTGG,VIANET TECH GROUP LTD
VNTV.1,VANTIVE CORP
TTMX,TOUCHTUNES MUSIC CORP
HRBC,HARBINGER CORP
3AXSO,AXS-ONE INC
SMSI,SMITH MICRO SOFTWARE INC
SIMW,SIMWARE INC
BAANF,BAAN CO NV
VRTY.,VERITY INC
HYSL,HYPERION SOLUTIONS CORP
ADAM.1,A D A M INC
VSIO,VISIO CORP
HCDC,HEALTHCARE.COM CORP
APMC,APPLIED MICROSYSTEMS CORP
ADVS,ADVENT SOFTWARE INC
3CLYS,CATALYST INTERNATIONAL INC
AMNA,AMANDA CO INC
SCUR,SECURE COMPUTING CORP
INFM,INFINIUM SOFTWARE INC
CLFY,CLARIFY INC
OSII.,OBJECTIVE SYS INTEGRATRS INC
ACCL,ACCELRYS INC
VIZY,VIZACOM INC
CTXS,CITRIX SYSTEMS INC
NUAN,NUANCE COMMUNICATIONS INC
ENLV,ENLIVEN MARKETING TECH CORP
ATAR.,ATARI INC
NICE,NICE LTD
3LHSPQ,LERNOUT & HAUSPIE SPCH PD
DCTM,DOCUMENTUM INC
SZMK,SIZMEK INC
CYCHZ,CYBERCASH INC
VBTC,VUBOTICS INC
ULTD,ULTRADATA CORP
GNSM,GENSYM CORP
IINT,INDUS INTERNATIONAL INC
SSTRF,SILVERSTAR HOLDINGS LTD
OCAD,ORCAD INC
HSDC,HEALTH SYSTEMS DESIGN CORP
SE.1,STERLING COMMERCE INC
ASYC,ARCHITEL SYSTEMS CORP
SHARD.1,COOPER HOLDING CORP-OLD
FRTE.1,FORTE SOFTWARE INC
ICOR.1,ISOCOR
JDAS,JDA SOFTWARE GROUP INC
PRZM.1,PRISM SOLUTIONS INC
3WKGP,WORKGROUP TECHNOLOGY CORP
ANLG,ANALOGY INC
UPHN,UPHONIA INC
CIMT,CIMATRON LTD
SEGU,SEGUE SOFTWARE INC
IBUY.,STYLECLICK.COM INC
LWNT,LANGUAGEWARE NET CO LTD
VOCL.1,VOCALTEC COMMUNICATIONS -OLD
ANST,ANSOFT CORP
MWEB,MYWEB INC.COM
MWAR.,MICROWARE SYSTEMS CORP
SVAFF,SCANVEC AMIABLE LTD
WTLK,WORLDTALK COMMUNICATIONS CP
TSIX.,TRANSITION SYSTEMS INC/MA
AXNT.,AXENT TECHNOLOGIES INC
ITWO,I2 TECHNOLOGIES INC
SPLK.1,SPANLINK COMMUNICATIONS INC
3GNTIE,GENTIA SOFTWARE PLC
EDFY.1,EDIFY CORP
MDII.1,MECHANICAL DYNAMICS
OMKT,OPEN MARKET INC
ASDV.1,ASPECT DEVELOPMENT INC
SSNC,SS&C TECHNOLOGIES HLDGS INC
DTRK,DATATRAK INTERNATIONAL INC
MIGR,MIGRATEC INC
ANSS,ANSYS INC
DASTY,DASSAULT SYSTEMS SA
SEBL,SIEBEL SYSTEMS INC
CHKP,CHECK POINT SOFTWARE TECHN
SHXXZ,SPHINX INTERNATIONAL INC
3TDKM,TDK MEDIACTIVE INC
VSNT,VERSANT CORP
PEGA,PEGASYSTEMS INC
3VGTI,VIRTGAME CORP
EXLN.,EXCELON CORP
HIRE.,WEBHIRE INC
AXTC,AXTIVE CORP
OPTK,OPTIKA INC
AVRG,ONLINE GAMING SYSTEMS LTD
AWRE,AWARE INC
EGHSF,ENGHOUSE SYSTEMS LTD
CNKT,CONNECTINC.COM CO
GRNH,AUTHORISZOR INC
CCCG,CCC INFORMATION SVCS GRP INC
HTIDF,HOMESERVE TECHNOLOGIES INC
DOCX,DOCUMENT SCIENCES CORP
PRLS,PEERLESS SYSTEMS CORP
3IMIC,INDUSRI-MATEMATIK INTL CORP
AHTCQ,AHT CORP
3GLCTE,GREENLIGHT COMMUNICATNS INC
QDHC,QUADRAMED CORP
CUSM,CUSEEME NETWORKS INC
AVSO.1,AVATECH SOLUTIONS INC-OLD
INOV.,INNOVEDA INC
VNEC,V-ONE CORP
BITS,BITSTREAM INC  -CL A
MWYGQ,MIDWAY GAMES INC
VOXW,VOXWARE INC
SEAC,SEACHANGE INTERNATIONAL INC
3ALYS,ALYSIS TECHNOLOGIES INC
SWLDY,SMALLWORLDWIDE PLC  -ADR
SCAI.1,SANCHEZ COMPUTER ASSOCS INC
GEOC,GEOTEL COMMUNICATIONS CORP
HPTO,HOPTO INC
TLDG,TELEDIGITAL INC
RWAV,ROGUE WAVE SOFTWARE INC
TISA,TOP IMAGE SYSTEMS LTD
BDLN,BRILLIANT DIGITAL ENTMT INC
CLOK,CIPHERLOC CORP
SYNC.1,INTELLISYNC CORP
DMCX,DATAMIRROR CORP
SEEC,SEEC INC
TMPL,TEMPLATE SOFTWARE INC
MDSYF,BLUEPHOENIX SOLUTIONS LTD
ERT,ERESEARCHTECHNOLOGY INC
EPIQ,EPIQ SYSTEMS INC
FTSW,QUALIX GROUP INC
ILOG,ILOG SA
IONA,IONA TECHNOLOGIES PLC
PROJ,DELTEK INC
3GLOB,GLOBAL MED TECHNOLOGIES INC
CMDXF,COMPUTER MODELLING GROUP LTD
NCRU,NETCRUISE.COM INC
PRGN.1,PEREGRINE SYSTEMS INC
BEAS,BEA SYSTEMS INC
TTWO,TAKE-TWO INTERACTIVE SFTWR
VTAL,VITAL IMAGES INC
LHSG,LHS GROUP INC
CTGLF,CHINA TECHNOLOGY GLOBAL CORP
NSPK,NETSPEAK CORP
OPTL.,OPTISYSTEMS SOLUTIONS LTD
GCTI,GENESYS TELECOMM LABS INC
NEON.,NEW ERA OF NETWORKS INC
SLP,SIMULATIONS PLUS INC
GPSI.,GREAT PLAINS SOFTWARE INC
3PTUS,PERITUS SOFTWARE SVCS INC
MCTR,MERCATOR SOFTWARE INC
AMCS,AMICAS INC
AWATF,ASTAWARE TECHNOLOGIES INC
IMAAZ,INFORMATION MGMT ASSOC INC
MRCM,MARCAM SOLUTIONS INC
OMTL,OMTOOL LTD
VTSI,VIRTRA INC
NASV,JAWZ INC
JDEC,EDWARDS J D & CO
RLRN,RENAISSANCE LEARNING INC
MGI.1,MGI SOFTWARE CORP
PVSW,PERVASIVE SOFTWARE INC
BEST.1,BEST SOFTWARE INC
COGI.1,COGNICASE INC
LGTY,LOGILITY INC
IWFSF,INFOWAVE SOFTWARE INC
CCRD.1,CONCORD COMMUNICATIONS INC
3TGCM,TERAGLOBAL COMMUNICATIONS CO
AGS.1,SAGA SYSTEMS INC
MKX.,MKS INC
IBSS,INTEGRATED BUSINESS SYS &SVC
OCEIF,OPEN EC TECHNOLOGIES INC
LDMK,LANDMARK SYSTEM CORP
QOBJ,QUERYOBJECT SYSTEMS CORP
RNWK,REALNETWORKS INC
BB,BLACKBERRY LTD
FLXI,FLEXIINTERNATIONAL SOFTWARE
CKEY,CROSSKEYS SYSTEMS CORP
IACO,INFORMATION ADVNTGE SOFTWARE
MTMS.,MADE2MANAGE SYSTEMS INC
SVCX,SVC FINANCIAL SERVICES INC
ADSN,ADVANCED SYSTEMS INTL INC
DSGX,DESCARTES SYSTEMS GROUP INC
RLAXY,REALAX SOFTWARE AG  -ADR
MUSE,MICROMUSE INC
DCLK,DOUBLECLICK INC
DOCC,DOCUCORP INTERNATIONAL INC
XTND,EXTENDED SYSTEMS INC
GMPW,GIVEMEPOWER CORP
DSET.,DSET CORP
INGEQ,INGENUUS CORP
MOBI.1,MOBIUS MGMT SYSTEMS INC
MRNTY.1,MERANT PLC
SAP,SAP SE
CTORF,CREATOR CAPITAL LTD
TER.5,APPLIED TERRAVISION SYS INC
LFBG,LEFT BEHIND GAMES INC
DTGLF,DATEC GROUP LTD
CWH.,CHARTWELL TECHNOLOGY INC
CMEC,COMMERCIAL CONCEPTS INC
QHRTF,QHR CORP
OLIKF,OCEANLAKE COMMERCE INC
GSTN,GREYSTONE DIGITAL TECHNOLOGY
ISSX,INTERNET SECURITY SYSTEMS
LIR.1,LINMOR INC
CTI.3,CENTRINITY INC
TPI.2,TERRA PAYMENTS INC
NTWK,NETSOL TECHNOLOGIES INC
NNSW,NET NANNY SOFTWARE INTL INC
BBMF,BBMF CORP
LTXFF,LABRADOR TECHNOLOGIES INC
TNTU,TENGTU INTL CORP
BIDCF,BLOCKCHAINK2 CORP
VCNE,VOICENET INC
CIMK,CIMNET INC
SOFO,SONIC FOUNDRY INC
BRIO,BRIO SOFTWARE INC
ELLG,ENGLISH LANG LEARN & INSTR
TLMIF,TELUM INTERNATIONAL CORP
CANI,CARREKER CORP
VFNX,VOICEFLASH NETWORKS INC
ULTI,ULTIMATE SOFTWARE GROUP INC
IPLY,INTERPLAY ENTERTAINMENT CORP
INKT,INKTOMI CORP
MSTR,MICROSTRATEGY INC
SUMT,SUMTOTAL SYSTEMS INC
NETG,NETGRAVITY INC
PGEO,PARADIGM GEOPHYSICAL LTD
UGS.,UNIGRAPHICS SOLUTIONS INC
DOX,AMDOCS
EDFY,EDENTIFY INC
ESIMF,E SIM LTD
RTLX,RETALIX LTD
FMC.Z,FINANCIAL MODELS CO INC
BIRT,ACTUATE CORP
OVOE,ONE VOICE TECHNOLOGIES INC
BVEW,BINDVIEW DEVELOPMENT CORP
TCYSF,TECSYS INC
SWRX,SOFTWORKS INC
OPEN.3,OPEN SOLUTIONS INC
OYSM,OASYS MOBILE INC
SCIL,SCIENTIFIC LEARNING CORP
DE.2,DELRINA CORP
ENTU,ENTRUST INC
ATIW,ATI NETWORKS INC
ARRW,MINDARROW SYSTEMS INC
SGLDF,SHOAL GAMES LTD
XOSYY,IXOS SOFTWARE AG
SSTY,SURE TRACE SECURITY CORP
ONT,ON2 TECHNOLOGIES INC
NGTHQ,NEXT GENERATION TECH HLDGS
3IWXXE,INTELLIWORXX INC
MUZE,MUSE TECHNOLOGIES INC
PCYG,PARK CITY GROUP INC
3EXAP,EXCHANGE APPLICATIONS INC
CNQR,CONCUR TECHNOLOGIES INC
ALIF,ARTIFICIAL LIFE INC
MMTM.1,MOMENTUM BUSINESS APPS INC
ALLR.1,ALLAIRE CORP
9693B,EPICOR SOFTWARE CORP
DLVAZ,DIGITAL LAVA INC
CYBA.,CYBEAR GROUP
ECOM.1,ECOMETRY CORP
ONXS,ONYX SOFTWARE CORP
SRNA.1,SERENA SOFTWARE INC
VIGN,VIGNETTE CORP
WEBT,WEBTRENDS CORP
NEON.1,NEON SYSTEMS INC
CEHC,CEPHAS HOLDING CORP
NTLNF,NORTHCORE TECHNOLOGIES INC
AREM.,AREMISSOFT CORP/DE
ASA.,ACD SYSTEMS INTL INC
USIXQ,USINTERNETWORKING INC
SGNT.1,SAGENT TECHNOLOGY INC
ADNW,AUTO DATA NETWORK INC
INFA,INFORMATICA CORP
MRBA,MARIMBA INC
MRTO,MERCHANTONLINE.COM
SILK,SILKNET SOFTWARE INC
PRSF.,PORTAL SOFTWARE INC
NETO,NETOBJECTS INC
LEFX,LIFEF/X INC
TENF,TENFOLD CORP
GFSI,GOLDLEAF FINANCIAL SOLUTIONS
INET.1,INET TECHNOLOGIES INC
IACT,INTERACT COMMERCE CORP
BWEBF,BACKWEB TECHNOLOGIES LTD
LQNT,LIQUENT INC
AOP.,AD OPT TECHNOLOGIES INC
ARBA,ARIBA INC
SWCM,SOFTWARE.COM INC
PRSW,PERSISTENCE SOFTWARE INC
CMRCQ,COMMERCE ONE INC
SHWC,SHOWCASE CORP
PKSI,PRIMUS KNOWLEDGE SOLUTIONS
TIBX,TIBCO SOFTWARE INC
CDCAQ,CDC CORP
ENGA.,ENGAGE INC
ARTG,ART TECHNOLOGY GROUP INC
VHC,VIRNETX HOLDING CORP
DSNY,DESTINY MEDIA TECHNOLOGIES
EGY.,ENGENUITY TECHNOLOGIES INC
MDRX.,ALLSCRIPTS HLTHCR SOLTNS-OLD
NXPSQ,NEXPRISE INC
LBTE,LIBERATE TECHNOLOGIES
CNSW,CONTINUUS SOFTWARE CORP
ACRUQ,ACCRUE SOFTWARE INC
NTIQ,NETIQ CORP
WGRD,WATCHGUARD TECHNOLOGIES INC
MCSW,MISSION CRITICAL SOFTWARE
PVTL.1,PIVOTAL CORP
ITWR,INTERWORLD CORP
TMWD,TUMBLEWEED COMMUNICATIONS CO
RHT,RED HAT INC
ASWX,ACTIVE SOFTWARE INC
QSFT,QUEST SOFTWARE INC
LIOX,LIONBRIDGE TECHNOLOGIES INC
SSSW,SILVERSTREAM SOFTWARE INC
WINK,WINK COMMUNICATIONS INC
AGIL,AGILE SOFTWARE CORP
PROE,PURCHASEPRO.COM
MAX.Z,MAXIMIZER SOFTWARE INC
3CAWC,CALIFORNIA SOFTWARE CORP
XNS.Z,XENOS GROUP INC
VITR,VITRIA TECHNOLOGY INC
BBSW,BROADBASE SOFTWARE
EPNY,E.PIPHANY INC
ININ,INTERACTIVE INTELLIGENCE GRP
TTPA,TRINTECH GROUP PLC
BLSW.1,BLUESTONE SOFTWARE INC
CLIC,CALICO COMMERCE INC
3DALN,DALEEN TECHNOLOGIES INC
TMNT,TELEMATE.NET SOFTWARE
LOIS,LOISLAW.COM INC
TZIX,TRIZETTO GROUP INC
IWOV,INTERWOVEN INC
JCDAF,JACADA LTD
3VIAD,VIADOR INC
ITRU,INTERTRUST TECHNOLOGIES CORP
BAS.,BASIS100 INC
IMMR,IMMERSION CORP
SAHN,SAUDI AMERICAN HOLDINGS CORP
QNTSQ,QUINTUS CORP
IMAN,IMANAGE INC
MSLV,METASOLV INC
RETK,RETEK INC
SQI,SCIQUEST INC
SMMX,SYMYX TECHNOLOGIES INC
SKDS,SMARTERKIDS.COM INC
NDSG,NDS GROUP HLDGS LTD
OPTV.1,OPENTV CORP
MCAF,MCAFEE.COM CORP
DMRC.1,DIGIMARC CORP -OLD
JAN.,JANNA SYSTEMS INC
WSTM,HRSOFT INC
PRVWZ,PREVIEW SYSTEMS INC
ONDS,ONDISPLAY INC
GRIC,GOREMOTE INTERNET COMM INC
3OPTO,OPTIO SOFTWARE INC
XPDR,XPEDIOR INC
3SXML,SOFTQUAD SOFTWARE LTD
SMLA,STEALTH MEDIALABS INC
EXTN.1,EXTENSITY INC
SVNX,724 SOLUTIONS INC
TRSI.,T/R SYSTEMS INC
CAMZ,CAMINUS CORP
CTRA,CENTRA SOFTWARE INC
FIRE.1,FIREPOND INC-OLD
LCOR,LANDACORP INC
3DTECF,DELANO TECHNOLOGY CORP
LSPN.1,LIGHTSPAN INC
3VMDC,VANTAGEMED CORP
WITS,WITNESS SYSTEMS INC
QVDX,QUOVADX INC
CHRD,CHORDIANT SOFTWARE INC
WEBM.,WEBMETHODS INC
SDRV,STARDRIVE SOLUTIONS INC
APRS,APROPOS TECHNOLOGY INC
ELOQ.1,ELOQUENT INC
NIKU,NIKU CORP
MONE.1,MATRIXONE INC
NTGX,NET.GENESIS CORP
PRME.1,PRIME RESPONSE INC
ASIA,ASIAINFO-LINKAGE INC
CBRP,ENTRADA SOFTWARE INC
VATA,VERSATA INC
OCQLF,01 COMMUNIQUE LABORATORY INC
RVDPY,RIVERDEEP GROUP PLC
RVSN,RADVISION LTD
NUR.Z,NURUN INC
SCOXQ,SCO GROUP INC
BLZE.,BLAZE SOFTWARE INC
EPRS.,EPRISE CORP
ALSWF,ABSOLUTE SOFTWARE CORP
MFLO,MOLDFLOW CORP
WBSN,WEBSENSE INC
3AMSI.,ARTEMIS INTL SOLUTIONS CORP
HSTM,HEALTHSTREAM INC
ULCM,ULTICOM INC
ONSF,ONESOFT CORP
NMTC.1,NUMERICAL TECHNOLOGIES INC
CRYP,CRYPTOLOGIC LTD
CORI.1,CORILLIAN CORP
NUAN.,NUANCE COMMUNICATIONS-OLD
3KNVS,KNOVA SOFTWARE INC
OBSP,OBJECTSPACE INC
TOPT.1,TOP TIER SOFTWARE INC
DPEC,MINDLEADERS.COM INC
ZLND,ZLAND.COM INC
SBYN,SEEBEYOND TECHNOLOGY CORP
BNET.,BUILDNET INC
SGSF,SIGNALSOFT CORP
TALR.1,TALARIAN CORP
ECAL,ECAL CORP
DCNT,DOCENT INC
NTGC,NETGENICS INC
CWLD,CROSSWORLDS SOFTWARE INC
SQSW,SEQUOIA SOFTWARE CORP
MESFF,MEDCOMSOFT INC
CKSW,CLICKSOFTWARE TECHNOLOGIES
CKCM,CLICK COMMERCE INC
EIN.Z,NSTEIN TECHNOLOGIES INC
CARE.2,CARESCIENCE INC
VRGE.,VIRAGE INC
PRSE,PRECISE SOFTWARE SOLUTIONS
TGTD,MINDSET INTERACTIVE CORP
SERA,SERANOVA INC
IVTAY,INFOVISTA SA
IMNY,I-MANY INC
BLUE.2,BLUE MARTINI SOFTWARE INC
SOAP,SOAPSTONE NETWORKS INC
OPNT.1,OPNET TECHNOLOGIES INC
RSNT,RESONATE INC
EXEE,EXE TECHNOLOGIES INC
MNDO,MIND CTI LTD
EVLVQ,EVOLVE SOFTWARE INC
PHST,PHARSIGHT CORP
RDVWF,RADVIEW SOFTWARE LTD
QLNXF,QUINTALINUX LTD
AVGO.1,AVANTGO INC
LEON.1,EXPEDEON AG
3VLCY,VIEWLOCITY INC
BRHTF,BRAINHUNTER INC
SNVT,SYNAVANT INC
VRYAF,VIRYANET LTD
VAST,VASTERA INC
VSCN,VISUAL SCIENCES INC/DE
GNOM.1,GENOMICA CORP
INMX,INFORMAX INC
VRSSF,VERSUS SYSTEMS INC
3PRGF,PROGINET CORP
SYNP,SYNPLICITY INC
CPTR,CAPTURA SOFTWARE INC
ADXA,ADEXA INC
IRON.1,IRONSIDE TECHNOLOGIES INC
KITDQ,KIT DIGITAL INC
ATIXF,ANALYTIXINSIGHT INC
DGNOF,DIAGNOS INC
TRGY,TRINAGY INC
HAHT,HAHT COMMERCE INC
TLUX,GEONEXT CORP
VRST.,VERISITY LTD
STRG.,STORAGEAPPS INC
ERMT,EROOM TECHNOLOGY INC
RW.,RENOWORKS SOFTWARE INC
EGMIQ,ELECTRONIC GAME CARD INC
CSWI.1,COMPUTER SOFTWARE INNOVATION
OPSW,OPSWARE INC
PMSO,PRIMAL SOLUTIONS INC
ATBEF,SYMBILITY SOLUTIONS INC
PRWK,PRACTICEWORKS INC
WEBG,WEBGAIN INC
LAVA,MAGMA DESIGN AUTOMATION INC
3HPLA,HPL TECHNOLOGIES INC
BFUN,BAM ENTERTAINMENT INC
SLCN,SILICON ENERGY CORP
LWSN,LAWSON SOFTWARE INC
TGG.,TRIPLE G SYSTEMS GROUP INC
KNTA.1,KINTANA INC
CNSSF,CENOSIS INC
MIHL,MONTAGUE INTL HOLDING LTD
TMXN,TRIMAX CORP
NSDA,NASSDA CORP
VMCS,VISUALMED CLINICAL SOLUTIONS
IVII.,INTERVIDEO INC
PLUM,PLUMTREE SOFTWARE INC
PCAF,PRINTCAFE SOFTWARE INC
GSB,GLOBALSCAPE INC
CGUD,COM GUARD.COM INC
ATRS.,ALTIRIS INC
DJJI,DIJJI CORP
BSS,BENTLEY SYSTEMS INC  -REDH
NSEO,NS8 CORP
IMPC.2,IMPAC MEDICAL SYSTEMS INC
SITO,SITO MOBILE LTD
WLGC,WORDLOGIC CORP
AGCI,ANGELCITI ENTERTAINMENT INC
MXDY,MAXIMUM DYNAMICS INC
SBN,SOFTBRANDS INC
3ACPC.1,ACCPAC INTERNATIONAL -REDH
SHIR,SHANNON INTERNATIONAL INC
CRSX.1,CRYSTAL DECISIONS INC-REDH
SMMJF,SIMSMART INC
PSRC,PALMSOURCE INC
CALD,CALLIDUS SOFTWARE INC
KNTA,KINTERA INC
ABEW,AIRBEE WIRELESS INC
WB.2,WORKBRAIN CORP
MOTV,MOTIVE INC
CRM,SALESFORCE.COM INC
SEVN,SEVEN NETWORKS INC-REDH
LINE.2,LINDOWS INC-REDH
ACTV,ACTIVE NETWORK INC
CRVW,CAREVIEW COMMUNICATIONS INC
RNOW,RIGHTNOW TECHNOLOGIES INC
SYBS,SYBARI SOFTWARE INC-REDH
KZ,KONGZHONG CORP -ADR
SSAG,SSA GLOBAL TECHNOLOGIES
VVDL,VIVID LEARNING SYSTEMS INC
PLAY.1,PORTALPLAYER INC
IFSI,INTEGRATED FINL SYSTEMS-REDH
EWVE,EDGEWAVE INC
NINE.1,NINETOWNS INTERNET TECH -ADR
UNCA,UNICA CORP
EMAG.2,EMAGEON INC
NCTY,THE9 LTD -ADR
GRVY,GRAVITY CO LTD -ADR
7669B,BREAKING DATA CORP-OLD
KNXA,KENEXA CORP
VNCI,VANCORD CAPITAL INC
ZMMDF,ZOOMMED INC
VOCS,VOCUS INC
VSCP,VIRTUALSCOPICS INC
RNWB,RENEWABLE CORP
EFUT,EFUTURE HOLDING INC
CPAH,COUNTERPATH CORP
APTOF,DMD DIGITAL HEALTH CONNECTNS
NIGTF,NEXIA HEALTH TECHNOLOGIES
TLEO,TALEO CORP
WTHNY,WIDERTHAN CO LTD -ADS
TWTYF,20-20 TECHNOLOGIES INC
EICU,VISICU INC
PFPT,PROOFPOINT INC
SPLK,SPLUNK INC
INLX,INTELLINETICS INC
EOPN,E2OPEN INC
ASCQ.2,ASCEND ACQUISITION CORP-OLD2
6805B,REVAL HOLDINGS INC -REDH
NOW,SERVICENOW INC
PGND,PRESS GANEY HOLDINGS INC
CNSWF,CONSTELLATION SOFTWARE INC
TF.Z,TERANET INCOME FUND
OMTR,OMNITURE INC
DBTK,DOUBLE-TAKE SOFTWARE INC
WAVE,NEXTWAVE WIRELESS INC
GUID,GUIDANCE SOFTWARE INC
MWX..,MEDWORXX SOLUTIONS INC
GLUU,GLU MOBILE INC
IPUB,INDIEPUB ENTERTAINMENT INC
TYPE,MONOTYPE IMAGING HOLDINGS
AVOI,ADVANCED VOICE RECOGNITION
SLH,SOLERA HOLDINGS INC
LIMS,STARLIMS TECHNOLOGIES LTD
PRO,PROS HOLDINGS INC
BLOG,BLADELOGIC INC
COYNQ,COPSYNC INC
PWRD,PERFECT WORLD CO LTD
CYDEQ,CYBERDEFENDER CORP
DMAN,DEMANDTEC INC
CCGM,CHINA CGAME INC
3SPKMF,SPACKMAN EQUITIES GROUP INC
KALO,KALLO INC
GA,GIANT INTERACTIVE GROUP -ADR
SFSF,SUCCESSFACTORS INC
IVDA,IVEDA SOLUTIONS INC
MDAS,MEDASSETS INC
BWC.,BRIDGEWATER SYSTEMS CORP
FDBL,FRIENDABLE INC
CSOC,CADUCEUS SOFTWARE SYSTEMS CP
OCTV,OCTAVIAN GLOBAL TECHNOLOGIES
ARST.1,ARCSIGHT INC
ACCU.1,ACCURO HEALTHCARE INC-REDH
SWI,SOLARWINDS INC
ISNY,INITIATE SYSTEMS INC -REDH
0082B,OPEN LINK FINANCIAL-REDH
MSTM,METASTORM INC-REDH
PSOF,PANSOFT CO LTD
ATVI,ACTIVISION BLIZZARD INC
SCDA,B-SCADA INC
BCDI,POLAR WIRELESS CORP
CYOU,CHANGYOU.COM LTD
PGSY,PORTLOGIC SYSTEMS INC
NTEK,NANOTECH ENTERTAINMENT INC
CDCSY,CDC SOFTWARE CORP  -ADR
PPRRF,PRONTOFORMS CORP
MAXD,MAX SOUND CORP
GAME,SHANDA GAMES LTD  -ADR
ISDSF,ISIGN MEDIA SOLUTIONS INC
PRFC,EPCYLON TECHNOLOGIES
MFON,MOBIVITY HOLDINGS CORP
CNVO,CONVIO INC
VRNG.1,VRINGO INC  -OLD
BSFT.1,BROADSOFT INC
QLIK,QLIK TECHNOLOGIES INC
KONE,KINGTONE WIRELESSINFO  -ADR
TNGO,TANGOE INC
MRZM,MARIZYME INC
RP,REALPAGE INC
TPWR,TRIPWIRE INC -REDH
RHSC,ROBERTSON GLOBAL HLTH SOLTNS
AMAP,AUTONAVI HLDG LTD
CIS,CAMELOT INFO SYSTEMS INC-ADR
RWWI,RAND WORLDWIDE INC
SUNG,SUNITY ONLINE ENTM -ADR-REDH
ICOR,INTERCORE INC
MOBI,SKY-MOBI LTD  -ADR
SMXIQ,SEBRING SOFTWARE INC
TBOW,TRUNKBOW INTL HOLDINGS LTD
PKKFF,PEAK POSITIONING TECHNOLOGYS
MKTG,RESPONSYS INC
BRDT.1,BREEDIT CORP-OLD
APAD,APACHE DESIGN SOLUTIONS-REDH
ELLI,ELLIE MAE INC
WHSM,ELDAN-TECH LTD  -REDH
NEXJF,NEXJ SYSTEMS INC
TAOM,TAOMEE HOLDINGS LTD -ADR
IMPV,IMPERVA INC
ZNGA,ZYNGA INC
EPAM,EPAM SYSTEMS INC
TWAV,TRUSTWAVE HOLDINGS INC -REDH
EXA,EXA CORP
QUTR,QUTURE INTERNATIONAL INC
JIVE,JIVE SOFTWARE INC
ELOQ,ELOQUA INC
SAVY,SAVEDAILY INC
4934B,MOBITV INC-REDH
XCLL,XCELMOBILITY INC
RACK,RACKWISE INC
BSSP.1,BASSLINE PRODUCTIONS -OLD
SOUL,SOUL & VIBE INTERACTIVE INC
GWRE,GUIDEWIRE SOFTWARE INC
CYBF,CYBERFORT SOFTWARE INC
SPDL,SPINDLE INC
KNMCY,KONAMI HOLDINGS CORP
KFX,KOFAX LTD
EIDSY,EIDOS PLC
AUTNY.,AUTONOMY CORP PLC
IDSI,IDS GROUP PLC
TMICY,TREND MICRO INC
VERSY,VERO SOFTWARE PLC
OCHSY,ORCHESTREAM HOLDINGS PLC
BBBB,BLACKBOARD INC
PFWD,PHASE FORWARD INC
MFGP,MICRO FOCUS INTL PLC
OHGI,ONE HORIZON GROUP INC
VELTF,VELTI PLC
RKNEF,OPTIVA INC
DLBDF,DILIGENT CORP
AVGTF,AVG TECHNOLOGIES NV
MYSZ,MY SIZE INC
LEAF.1,INTERLEAF INC
SPW.1,SPEEDWARE CORP INC
QMS.1,Q/MEDIA SERVICES CORP
EAII,ENGINEERING ANIMATION INC
XION,XIONICS DOCUMENT TECHNOLGIES
FGIFF,FLIRTY GIRL INTL INC
MXBTF,MARNETICS BROADBAND TECH LTD
VERT,VERTICALNET INC
ILNTQ,INTERLIANT INC
ICNSQ,INCENTRA SOLUTIONS INC
CHNUF,CHINA EDUCATION RESOURCES
BRML,BRIGHTMAIL INC-REDH
EDS.,ELECTRONIC DATA SYSTEMS CORP
GTK,GTECH HOLDINGS CORP
OAOT,OAO TECHNOLOGY SOLUTIONS INC
